Material_health;Product_circularity;Product_number;Product_description
****;****;702014800000;TELLER TIEF ZUCKERROHR 21X6CM 900ML 20STK
****;****;702007900000;TELLER KOMODO ZUCKERROHR 22x22CM 25STK
***;****;701079200000;GM M-BUDGET SERV 33CM 100STK WEISS
****;****;700874200000;TELLER KOMODO ZUCKERROHR 18X18CM 25STK
****;****;700874100000;TELLER KOMODO ZUCKERROHR 9X18CM 25STK
***;**;700873400000;GM M-BUDGET TELLER ECKIG 23X23CM KARTON 50
***;**;700873300000;GM M-BUDGET WUERSTLI-TELLER KARTON 13X20CM 50ER
***;**;700873200000;GM M-BUDGET GRILL-TELLER 29X29CM KARTON 20ER
***;**;700873100000;GM M-BUDGET LUNCH-TELLER 18X18CM KARTON 50ER
****;****;700865300000;APERO-PICKS BAMBUS 12CM 100STK
****;****;700861900000;TELLER PALMBLATT 24X24CM 10STK
****;****;700861700000;TELLER PALMBLATT 17X17CM 10STK
****;****;702023900001;RÜHRSTÄBCHEN HOLZ 11.4CM 100STK
****;****;702023900002;RÜHRSTÄBCHEN HOLZ 15.5CM 100STK
***;***;702024100003;ESSLÖFFEL CPLA 15STK SCHWARZ
***;***;702024100004;KAFFEELÖFFEL CPLA 15STK SCHWARZ
***;***;702024100001;GABEL CPLA  15STK SCHWARZ
***;***;702024100002;MESSER CPLA 15STK SCHWARZ
***;****;702024300003;GM BECHER WELLPAPIER 3DL 10STK
***;****;702024300002;GM BECHER WELLPAPIER 2DL 10STK
***;****;702024300001;GM BECHER WELLPAPIER 1DL 10STK
***;****;702024400001;GM BECHER KRAFTPAPIER 2DL 10STK
***;***;702024400002;GM SCHALE KRAFTPAPIER 10X6CM 25STK
***;***;702024400003;GM SCHALE KRAFTPAPIER 13.7X8.7CM 25STK
****;****;702023600000;PALMBLATT TELLER 16X24CM 10STK
****;****;702025000000;BOWL RUND ZUCKERROHR 500ML 15.5CM 20STK
***;**;702028000000;GM BECHER MIT HENKEL PAPIER 1.8DL 20STK
***;**;702028100000;GM BECHER KAFFEE PAPIER 2DL 20STK PRINT
***;**;702028200000;GM BECHER ESPRESSO PAPIER 1DL 20STK PRINT
***;****;702028300000;YOLLY TRINKHALM GERADE BAMBUS/MAIS 50STK
***;**;702028500000;GM M-BUDGET BECHER 2DL 2X25STK
***;**;702028600000;BECHER ZUCKERROHR 2.4DL 10ER
***;**;702029100000;BECHER ZUCKERROHR 3.5DL 10ER
***;****;702029700000;KAFFEELÖFFEL CPLA 15STK WEISS
***;****;702029800000;MESSER CPLA 15STK WEISS
***;****;702029900000;GABEL CPLA 15STK WEISS
***;****;702030000000;ESSLÖFFEL CPLA 15STK WEISS
***;***;702030900000;GM WÜRSTLITELLER KRAFTPAPIER 13X20CM 20STK
***;***;702031000000;GM LUNCHTELLER KRAFTPAPIER 18CM 20STK
***;***;702031100000;GM TELLER KRAFTPAPIER 23X23CM 20STK
****;****;702031300000;FINGERFOOD STICKS BAMBUS 15CM 100STK
****;*;702031500000;CHAMPAGNERGLÄSER MEHRWEG 2STK
****;*;702031600000;WEINGLÄSER MEHRWEG 2STK
*****;****;702031700000;SHOT GLÄSER MEHRWEG 4STK
***;**;702035800000;MINI SCHALE KOMODO ZUCKERROHR 7.0X7.0X15CM 20STK
***;**;702035900000;APEROPLATTE KOMODO RECHTECKIG ZUCKERROHR 27.0X9.0X1.5CM 25STK
***;****;702036000000;YOLLY TRINKHALM FLEX BAMBUS/MAIS 50STK
***;***;702036100000;TRINKHALME GERADE 50STK SCHWARZ
***;***;702036200000;TRINKHALME COCKTAIL 50STK SCHWARZ
***;***;702036300000;GM TRINKHALME PAPIER 100STK GESTREIFT
***;***;702036400000;GM TRINKHALME PAPIER FLEX 100STK UNI
***;***;702036500000;GM TRINKHALME PAPIER GERADE 50STK GESTREIFT
****;****;702036600000;FINGERFOOD STICKS BAMBUS 10CM 100STK
****;****;702036700000;APERO-GABEL BAMBUS 9CM 100STK
***;****;702036800000;YOLLY GABEL BAMBUS/MAIS 15STK NATURE
***;****;702036900000;YOLLY MESSER BAMBUS/MAIS 15STK NATURE
***;****;702037000000;YOLLY ESSLÖFFEL BAMBUS/MAIS 15STK NATURE
***;****;702037100000;YOLLY KAFFEELÖFFEL BAMBUS/MAIS 15STK NATURE
****;****;702037200000;SERVIERPLATTE PALMBLATT 41.5X27.5X2.5CM 5STK
****;****;702037300000;SERVIERPLATTE PALMBLATT 34.5X23.5X2.5CM 5STK
***;****;702037400000;SCHALE LANG PALMBLATT 41.0X8.5X2.8CM 5STK
****;****;702037500000;BOWLE TIEF PALMBLATT 15.5X5.0CM 10STK
****;****;702037600000;SCHALE BOOT PALMBLATT 22.0X13.5X4.0CM 5STK
***;***;702037700000;GM ESPRESSO BECHER KRAFTPAPIER 10STK
***;**;702037800000;ESPRESSO BECHER 1.2 DL ZUCKERROHR 10STK
***;**;702038100000;GM SHOTBECHER WEISS 20STK
***;****;702038200000;TRINKHALM GLAS COCKTAIL 4ER TRANSPARENT
***;****;702038300000;TRINKHALM GLAS GERADE 4ER TRANSPARENT
***;****;702038400000;TRINKHALM GLAS FLEX 4ER TRANSPARENT
***;****;702038500000;TRINKHALM GLAS COCKTAIL 4ER FARBIG
***;****;702038600000;TRINKHALM GLAS GERADE 4ER FARBIG
***;****;702038700000;TRINKHALM GLAS FLEX 4ER FARBIG
***;****;702038800000;TRINKHALM EDELSTAHL COCKTAIL 4ER
***;****;702038900000;TRINKHALM EDELSTAHL GERADE 4ER
***;****;702039000000;TRINKHALM EDELSTAHL FLEX 0.6X20.5CM 4STK
****;****;702039100000;BECHER 390ML TRANSPARENT
****;****;702039200000;BECHER 550ML TRANSPARENT
****;****;702039300000;KRUG 1.6L TRANSPARENT
****;****;705725700001;BOWL KLEIN 14X14CM TRANSPARENT
****;****;705725700002;BOWL MITTEL 20X20X11.5CM TRANSPARENT
****;****;705725700003;BOWL GROSS 27X27CM TRANSPARENT
****;*;702039700000;SALATBESTECK 2ER TRANSPARENT
*;**;702039800000;KRUG 1.6L MELAMIN MATT GRÜN
*;**;702039900000;BECHER 390ML MELAMIN MATT GRÜN
*;**;702040000000;BECHER 390ML MELAMIN MATT ANTHRAZIT
*;**;702040100000;BOWL 15X15X5.5CM MELAMIN MATT GRÜN
*;**;702040200000;BOWL 15X15X5.5CM MELAMIN MATT ANTHRAZIT
*;**;702040300000;DESSERTTELLER 20.3X2CM MELAMIN MATT GRÜN
*;**;702040400000;TELLER FLACH 25.4X2CM MELAMIN MATT GRÜN
*;**;702040500000;TELLER TIEF 18.5X4.8CM MELAMIN MATT GRÜN
*;**;702040600000;SCHÜSSEL 25X25X11CM MELAMIN MATT GRÜN
*;**;702040700000;SALATBESTECK 2ER MELAMIN MATT GRÜN
*;**;702040800000;BOWL MIT DECKEL MELAMIN 25.5X25.5X12.0CM MATT GRÜN
*;**;702040900000;BOWL MIT DECKEL MELAMIN 25.5X25.5X12.0CM MATT ANTHRAZIT 
*;**;702041000000;BOWL MIT DECKEL MELAMIN 13.8X13.8X7.7CM MATT GRÜN 
*;**;702041100000;BOWL MIT DECKEL MELAMIN 13.8X13.8X7.7CM MATT ANTHRAZIT 
***;****;705722200084;KAMBUKKA RENO 0.5L TWIST LID LAVENDER
***;****;705722200036;KAMBUKKA RENO 0.5L TWIST LID STRAWBERRY ICE
***;****;705722400043;KAMBUKKA LAGOON 1000ML ORION
***;****;705722700001;KAMBUKKA LAGOON 400ML OCEAN MERMAID
***;****;705722700002;KAMBUKKA LAGOON 400ML CHIEF PANDA
***;****;705722800001;KAMBUKKA LAGOON 500ML DINO BOARDFLIP
***;****;705722800002;KAMBUKKA LAGOON 500ML PRINCESS DIARY
***;****;709013800085;ME ISOSPEISEGEFÄSS DW 0.45L INOX
***;****;709014000001;ME KAMBUKKA BORA ISOSPEISEGEFÄSS 600ML NEON MINT
***;****;709014100085;ME ISOSPEISEGEFÄSS DW 0.7L INOX
***;****;705723900040;MEPAL DISPLAY BESTECK-SET-ELLIPSE NORDIC DENIM
***;****;705724000040;MEPAL LUNCHPOT ELLIPSE 700ML NORDIC DENIM
***;****;709015800000;ME ISOFLASCHE DW 0.7L INOX
***;****;709016300000;ME ISOLASCHE DW 1L INOX
***;****;709016400065;ME KAMBUKKA RENO ISOBECHER 500ML NEON MINT
***;****;709016400036;ME KAMBUKKA RENO ISOBECHER 500ML PARADISE FLOWER
***;****;709016800020;ME ISOFLASCHE DW BOTTLE 450ML SCHWARZ
***;**;709016900085;ME ISOBECHER DW ESPRESSO 0.16L INOX
***;****;709017100000;ME ISOFLASCHE DW 0.45L INOX
***;****;709017600000;ME ISOSPEISEGEFÄSS 1.0L CAMPUS
***;****;709034200000;ME ISOFLASCHE DW BOTTLE 300ML ROSA PANTONE 677 C
***;****;709034300000;ME ISOFLASCHE DW BOTTLE 300ML SALBEI 623 C
***;****;709034400000;ME ISOFLASCHE DW BOTTLE 300ML COOL GREY 7C
***;****;709034500000;ME ISOFLASCHE DW BOTTLE 300ML PUSTEBLUME ROSA
***;****;709034600000;ME ISOFLASCHE DW BOTTLE 300ML TERRAZZO EISBLAU 642 C
***;****;709034700000;ME ISOFLASCHE DW BOTTLE 300ML DUNKELBLAU MOUNTAIN 654 C
***;****;709034800000;ME ISOFLASCHE DW BOTTLE 450ML  SALBEI 623 C
***;****;709034900000;ME ISOFLASCHE DW BOTTLE 450ML ROT 7625 C
***;****;709035000000;ME ISOFLASCHE DW BOTTLE 450ML PUSTEBLUME ROSA
***;****;709035100000;ME ISOFLASCHE DW BOTTLE 450ML TERRAZZO BLAU 7688 C
***;****;709035200000;ME ISOFLASCHE DW BOTTLE 450ML MOUNTAIN COOL GREY 10C
***;****;709035300000;ME ISOFLASCHE DW BOTTLE 700ML ROT 7625 C
***;****;709035400000;ME ISOFLASCHE DW BOTTLE 700ML SCHWARZ
***;****;709035500000;ME ISOFLASCHE DW BOTTLE 700ML OMBRE BLAU GELB
***;****;709035600000;ME ISOFLASCHE DW BOTTLE 700ML TERRAZZO COOL GREY 7 C
***;****;709035700000;ME ISOFLASCHE DW BOTTLE 950ML ROT 7625 C
***;****;709035800000;ME ISOFLASCHE DW BOTTLE 950ML SALBEI 623 C
***;****;709035900000;ME ISOFLASCHE DW BOTTLE 950ML MOUNTAIN COOL GREY 10C
***;****;709036100000;ME ISOSPEISEGEFÄSS 450ML SCHWARZ
***;****;709036200000;ME ISOSPEISEGEFÄSS 450ML PUSTEBLUME ROSA
***;****;709036300000;ME KAMBUKKA BORA ISOSPEISEGEFÄSS 600ML SCHWARZ MATT
***;****;709036400000;ME KAMBUKKA RENO ISOBECHER 500ML PARROTS
***;****;709036500000;ME KAMBUKKA RENO ISOBECHER 500ML MATTE BLACK
***;**;709036600000;GLASKAFFEEBECHER SILIKONDECKEL 250ML
***;**;709036700000;GLASKAFFEEBECHER SILIKONDECKEL 350ML
***;**;709036800000;GLASKAFFEEBECHER SILIKONDECKEL 460ML
***;**;709036900000;ME ISOBECHER 250ML KORK/INOX
***;**;709037000000;ME ISOBECHER 250ML KORK/SCHWARZ MATT
***;**;709037100000;ME ISOBECHER 250ML KORK/LINDENGRÜN
***;**;709037200000;ME ISOBECHER DW ESPRESSO 0.16L SCHWARZ MATT
***;**;709037300000;ME ISOBECHER DW ESPRESSO 0.16L LINDENGRÜN
***;**;709037400000;ME ISOFLASCHE DW 0.5L SCHWARZ MATT
***;**;709037500000;ME ISOFLASCHE DW 0.75L SCHWARZ MATT
***;**;709037600000;ME ISOFLASCHE DW 1L SCHWARZ MATT
***;****;709037700000;GLASFLASCHE MIT BAMBUSDECKEL 550ML GRAU
***;****;709037800000;GLASFLASCHE MIT BAMBUSDECKEL 550ML LINDENGRÜN
***;****;709037900000;GLASFLASCHE MIT BAMBUSDECKEL 400ML
***;****;709038000000;GLASFLASCHE MIT BAMBUSDECKEL 400ML GRAFISCH  DESIGN M
***;****;709038100000;GLASFLASCHE MIT BAMBUSDECKEL 400ML PUSTEBLUME
***;****;709038200000;GLASFLASCHE MIT BAMBUSDECKEL 750ML
***;****;709038300000;GLASFLASCHE MIT BAMBUSDECKEL 750ML GRAFISCH DESIGN M
***;****;709038400000;GLASFLASCHE MIT BAMBUSDECKEL 750ML PUSTEBLUME
***;****;709038500000;GLASFLASCHE DW MIT INFUSER 300ML
***;****;709038600000;GLASFLASCHE DW MIT INFUSER 300ML BLÄTTER PANTONE 623C
***;****;709038700000;GLASFLASCHE DW MIT INFUSER 550ML
***;****;709038800000;GLASFLASCHE DW MIT INFUSER 550ML GRAFISCH DESIGN S
***;****;709038900000;TRINKFLASCHE CLOC 950ML TÜRKIS
***;****;709039000000;TRINKFLASCHE  CLOC 1.5L GRAU
***;****;709039100000;TRINKFLASCHE ONETOUCH 1,0L GRAU
***;****;709039200000;TRINKFLASCHE ONETOUCH 1,5L DUNKELGRÜN
***;****;709039300000;TRINKFLASCHE ONETOUCH 2L DUNKELBLAU
***;****;709039400000;KAMBUKKA RENO TWIST LID 0.5L SAPPHIRE
***;****;709039500000;KAMBUKKA LAGOON 750ML SAGE GREEN
***;****;709039600000;KAMBUKKA LAGOON 750ML ROYAL BLUE
***;****;709039700000;KAMBUKKA LAGOON 1000ML ARCTIC BLUE
***;****;709039800000;TRINKFLASCHE ONETOUCH 350ML TÜRKIS
***;****;709039900000;TRINKFLASCHE ONETOUCH 550ML TÜRKIS
***;****;709040000000;TRINKFLASCHE  ONETOUCH 700ML TÜRKIS
***;****;709040100000;KAMBUKKA LAGOON  400ML HAPPY ALIEN
***;****;709040200000;KAMBUKKA LAGOON  500ML RAINBOW UNICORN
***;****;709040300000;ME ISOSPEISEGEFÄSS DW 0.45L SCHWARZ GROBKÖRNIG
***;****;709040400000;ME ISOSPEISEGEFÄSS DW 0.7L SCHWARZ GROBKÖRNIG
***;****;709040500000;GLASGEFÄSS 500ML
***;****;709040600000;GLASGEFÄSS 1000ML
***;****;709040700000;GLASGEFÄSS MIT SILIKONBAND 700ML
***;****;709040800000;GLASGEFÄSS MIT SILIKONBAND 1000ML
***;****;709040900000;LÉKUÉ LUNCH BAG TO GO NATURE 
***;**;709041000000;MEPAL DISPLAY BESTECK-SET-ELLIPSE NORDIC BLUE
***;****;709041100000;MEPAL SNACKPOT ELLIPSE 500ML NORDIC BLUE
***;**;709041200000;MEPAL LUNCHPOT ELLIPSE 700ML NORDIC BLUE
***;**;709041400000;MEPAL SALATBOX ELLIPSE 1.9L NORDIC BLUE
***;****;709041500000;MEPAL BENTO LUNCHBOX LARGE 1.5L NORDIC BLUE
***;****;709041600000;MEPAL BENTO LUNCHBOX MIDI 0.9L NORDIC BLUE
***;****;709041700000;MEPAL SNACKPOT ELLIPSE 500ML NORDIC DENIM
***;**;709041800000;MEPAL SALATBOX ELLIPSE 1.9L NORDIC DENIM
***;****;709041900000;MEPAL BENTO LUNCHBOX LARGE 1.5L NORDIC DENIM
***;****;709042000000;MEPAL BENTO LUNCHBOX MIDI 0.9L NORDIC DENIM
***;**;709042100000;WIEDERVERWENDBARE BEUTEL 118ML
***;**;709042200000;WIEDERVERWENDBARE BEUTEL 330ML
***;**;709042300000;WIEDERVERWENDBARE BEUTEL 1000ML
***;**;709042400000;WIEDERVERWENDBARE BEUTEL 1950ML
***;****;709042600000;LUNCHBOX 0.85L QUADRATISCH 13.5X13X8CM
***;****;709042700000;LUNCHBOX 0.4L 12.5X9X6CM
***;****;709042800000;LUNCHBOX 0.45L 16X11X4CM
***;****;709042900000;LUNCHBOX 1.25L 19.5X14.5X6.5CM
***;**;709043000000;BESTECK TO GO SCHWARZ 
***;****;700166600004;GLAS SALATSCHÜSSEL 26CM
***;****;700166600003;GLAS SALATTELLER 21CM
***;****;700166600002;GLAS SCHÜSSEL 15CM
***;****;700166600001;GLAS KOMPOTTTELLER 14.8CM
***;****;700169900000;SCHNEIDBRETT KUH
***;****;700156700000;KUCHENPLATTE 16X35CM
***;****;700155800000;SCHALE 20CM
***;****;700155900000;SCHALE 25CM
***;****;700166700000;SCHÜSSEL KLEIN 15CM
***;****;700161500000;MELODY 2ER SET APERO TELLER
***;****;700155200001;MELODY ESPRESSOTASSE MIT UNTERTELLER
***;****;700155200002;MELODY KAFFEETASSE MIT UNTERTELLER
***;****;700155200003;MELODY BOWL 14CM
***;****;700155200004;MELODY BOWL 18CM
***;****;700155200005;MELODY DESSERTTELLER 22CM
***;****;700155200006;MELODY BOWL 23CM
***;****;700155200008;MELODY TELLER TIEF 22CM
***;****;700161300000;MELODY CAKEPLATTE 39X17.5CM
***;****;700165100001;SUSHI SET BLAU
***;****;700165100002;SUSHI SET BRAUN
***;****;700165100003;SUSHI SET ROT
***;****;700166200006;BOWL 15CM GRÜN
***;****;700166200005;BOWL 15CM GRAU
***;****;700166200004;BOWL 12CM GRÜN
***;****;700166200003;BOWL 12CM GRAU
***;****;700166200002;BOWL 9CM GRÜN
***;****;700166200001;BOWL 9CM GRAU
***;****;700166400005;PLATTE OVAL 30.5CM ORGANIC GREY
***;****;700166400004;PLATTE OVAL 24.8CM ORGANIC GREY
***;****;700166400003;SCHÜSSEL 23CM ORGANIC GREY
***;****;700166400002;SCHÜSSEL 17.5CM ORGANIC GREY
***;****;700166400001;SCHÜSSEL 12.8CM ORGANIC GREY
***;****;700167700000;TASSE HERZ OHNE HENKEL
***;****;700167800000;TASSE HERZ
***;****;700168000001;TASSE WEISS CHOCOLATE
***;****;700168000002;TASSE SCHWARZ CHOCOLATE
***;****;700166100001;TASSE SWISSNESS HERZ
***;****;700166100002;TASSE SWISSNESS
***;****;700168100001;MUG YELLOW
***;****;700168100002;MUG BLAU
***;****;700169800000;TASSE HERZ EMBOSSED
***;****;700168100003;TASSE GRAU
***;****;700168100004;TASSE GRÜN
***;****;700167200000;APEROSCHALE 2ER SET RUND
***;****;700165900001;MUG WEISS MATT
***;****;700165900002;MUG GRAU MAT
***;****;700165400001;PLATTE 20CM
***;****;700165400002;PLATTE 26.4CM
***;****;700165400003;PLATTE 29.4CM
***;****;700165400004;PLATTE 34.5CM
***;****;700168400000;EIERBECHER 4ER SET MIT PUNKTE
***;****;700169000000;BROTKORB METALL
*;**;700169400000;SERVIERTABLETT MELAMIN
***;****;700164700004;PLATTE UNI SCHWARZ 24.5CM
***;****;700164700003;PLATTE UNI SCHWARZ
***;****;700164700002;BOWL UNI SCHWARZ
***;****;700164700001;DIP BOWL UNI SCHWARZ
***;****;700164800004;PLATTE UNI WEISS 24.5CM
***;****;700164800003;PLATTE UNI WEISS
***;****;700164800002;BOWL UNI WEISS
***;****;700164800001;DIP BOWL UNI WEISS
***;****;700166800000;APEROSCHALE 2ER SET AUF BAMBUSTRAY
***;****;700167400000;SCHNEIDEBRETT ORGANIC 32CM
***;****;700168600000;ZUCKERSTREUER 145ML
***;**;700169100000;BROTKORB MIT HENKEL
***;**;700169200000;BROTKORB
***;**;700169500000;SERVIERTABLETT ANTIRUTSCH BESCHICHTUNG
***;****;700169600000;SERVIERTABLETT MIT HENKEL 35CM
***;****;700164900005;PLATTE KARO
***;****;700164900006;PLATTE STREIFEN
***;****;700164900004;PLATTE PUNKTE
***;****;700164900001;BOWL PUNKTE
***;****;700164900002;BOWL KARO
***;****;700164900003;BOWL STREIFE
***;****;700166300004;BOWL 19CM ZWEIFARBIG
***;****;700166300003;BOWL 15.5CM ZWEIFARBIG
***;****;700166300002;BOWL 12.5CM ZWEIFARBIG
***;****;700166300001;BOWL 10.5CM ZWEIFARBIG
***;****;700166000001;MUG GRÜN RUND
***;****;700166000002;MUG SCHWARZ RUND
***;****;700168200001;TASSE SCHWARZ
***;****;700168200002;TASSE GRÜN
***;****;700167100000;APEROSCHALE 2ER SET ECKIG
***;****;700165700000;CHOPSTICK SET
***;****;700169300000;BROTTASCHE
***;****;700165600000;KUCHENPLATTE RUND 30.5CM
***;****;700167500000;SCHNEIDEBRETT BRETT 39CM
***;****;700167600000;SCHNEIDEBRETT BRETT 48CM
***;****;700165500000;ETAGÈRE
***;****;700165000007;BOWL BLAU 23CM
***;****;700165000008;BOWL BRAUN 23CM
***;****;700165000009;BOWL ROT 23CM
***;****;700165000004;BOWL BLAU 15CM
***;****;700165000005;BOWL BRAUN 15CM
***;****;700165000006;BOWL ROT 15CM
***;****;700165000001;BOWL BLAU 11.6CM
***;****;700165000002;BOWL BRAUN 11.6cm
***;****;700165000003;BOWL ROT 11.6cm
***;****;700165200001;TEEBECHER 4ER SET
***;****;700165200002;TEEBECHER 4ER SET MUSTER
***;****;700165800001;MUG MIT GOLDHENKEL LINIEN
***;****;700165800002;MUG MIT GOLDHENKEL
***;****;700170500001;M-BUDGET ESPRESSOTASSE MIT UNTERTELLER
***;****;700170500002;M-BUDGET KAFFETASSE MIT UNTERTELLER
***;****;700170500003;M-BUDGET TASSE
***;****;700170500004;M-BUDGET DESSERTTELLER
***;****;700170500005;M-BUDGET TELLER FLACH
***;****;700170500006;M-BUDGET TELLER TIEF
***;****;700170500007;M-BUDGET SCHÜSSEL 14.2CM
***;****;700170500008;M-BUDGET SCHÜSSEL 18CM
***;****;700170500009;"M-BUDGET SET 12TLG.
4pcs of 700170500004
4pcs of 700170500005
4pcs of 700170500007"
***;****;700167300000;APEROSCHALE 2ER SET
***;****;700168300000;EIERTELLER VIERECKIG
***;****;700168800000;MILCHKÄNNCHEN KLEIN
***;****;700168900000;MILCHKÄNNCHEN GROSS
***;****;700169700000;ZUCKERDOSE
***;****;700166900000;APEROSCHALE 3ER SET AUF BAMBUSTRAY RUND
***;****;700167000000;APEROSCHALE 3ER SET AUF BAMBUSTRAY
***;****;700168500000;EIERBECHER 6ER SET
***;****;700168700000;ZUCKERDOSE 250ML
***;****;700338600000;TABLECLOTH CLIP SET OF 4
***;****;700349200000;TABLECLOTH COVER 140X260CM SET OF 2
*;*;700363400001;TABLE PROTECTOR 110X240CM
*;*;700363400002;TABLE PROTECTOR 85X120CM
***;****;700373600070;TABLE RUNNER BAMBOO NATURAL
***;****;700373500070;PLACEMAT BAMBOO NATURAL
***;****;700364800054;TABLE RUNNER RIB OCHER 
***;****;700364800062;TABLE RUNNER RIB GREEN 
***;****;700364800082;TABLE RUNNER RIB GREY 
***;****;700364700054;PLACEMAT RIB OCHRE 1 PCS
***;****;700364700062;PLACEMAT RIB GREEN 1 PCS
***;****;700364700082;PLACEMAT RIB GREY 1 PCS
*;*;700368900020;TABLE RUNNER PVC WOVEN HERRINGBONE BLACK
*;*;700375200000;TABLE RUNNER PVC WOVEN GREY
*;*;700375300000;TABLE RUNNER PVC WOVEN BEIGE
*;*;700374700000;PLACEMAT PVC WOVEN HERRINGBONE BLACK
*;*;700374500000;PLACEMAT PVC WOVEN GREY
*;*;700374600000;PLACEMAT PVC WOVEN BEIGE
*;*;700374800000;PLACEMAT WOVEN BEIGE
*;*;700374900000;PLACEMAT WOVEN ANTHRACITE
***;****;700375000000;PLACEMAT MAIZE
***;****;700375100000;PLACEMAT SEA GRASS
***;**;700375400000;TABLCLOTH FLOWERS 140X260CM
***;****;700375500000;GM TD PUSTEBLUME 140X260CM
***;****;700375600000;TABLECLOTH STRIPES 140X260CM
***;****;700375700000;TABLECLOTH SALT N'PEPA 140X260CM
***;****;700375800000;TABLECLOTH BASIC WHITE 170X300CM
***;****;700375900000;GM TD JACQUARD 140X260CM
***;****;700376000000;GM TD TWO TONE 140X260CM
***;****;700376100000;GM TD TWO TONE 140X180CM
*;*;700376300000;GM TD PLASTIK ARTSI 140X180CM
*;*;700376400000;GM TD PLASTIK EUKALYPTUS 140X180CM
***;**;700376500000;GM TD ACRYL GINKO 138X260CM
***;**;700376600000;GM TD ACRYL PUNKTE 138X260CM
***;****;705094100000;BACKFORM Unicorn
0;0;705096400000;Decora Lebensmittelfarben Primärfarben set
0;0;705096500000;Decora Lebensmittelfarbe schwarz
0;0;705096600000;Decora Lebensmittelfarbe grün
0;0;705096700000;Decora Lebensmittelfarbe orange
0;0;705096800000;Decora Lebensmittelfarbe violette
0;0;705096900000;Decora Lebensmittelfarbe pink
0;0;705097000000;Decora Zuckerperlen silber
0;0;705097100000;Decora Zuckerperlen weiss
0;0;705097200000;Decora Zuckerperlen bunt
0;0;705097300000;Decora Zuckerperlen pink
0;0;705097400000;Decora Zuckerperlen blau
0;0;705097500000;Decora Zuckerperlen braun
0;0;705097600000;Decora Zuckerperlen grün
0;0;705097700000;Decora Glitzerperlenzucker pink
0;0;705097800000;Decora Glitzerperlenzucker blau
0;0;705097900000;Decora Glitzerperlenzucker violette
0;0;705802400000;Decora Zuckerdekor Fussball
0;0;705802700000;Decora Zuckerdekor Dino
0;0;705802600000;Decora Zuckerdekor Mermaid
0;0;705802500000;Decora Zuckerdekor Unicorn
***;***;703944600001;SPITZENUNTERSETZER 13 CM
***;***;703944600002;TORTENPAPIER 28 cm
***;***;703944600003;TORTENPAPIER 36 cm
***;***;705034000001;GM TORTENPAPIER GOLD
***;***;703948600000;GM TORTENPAPIER RECHTECKIG 17X34CM
***;***;705034000002;GM TORTENPAPIER SILBER
***;***;705091300000;GM PAPIER-BACKFÖRMCHEN BUNT 100 STK FSC
***;***;705091500000;GM PAPIER-BACKFOERMCHEN WEISS 200 STK
***;**;705099400000;BRÖTCHEN BACKFORM
***;****;705055200000;GÄR - UND BROTKÖRBCHEN RUND 
***;****;705093000000;GÄR UND BROTKÖRBCHEN LÄNGLICH
***;****;705092900000;GÄR UND BROTKÖRBCHEN RUND GROSS
***;****;705034600000;SCHOKOLADEN-SPRITZBEUTEL
*;**;705027900000;CAKEFORM 25CM
*;**;705057600000;CHÄSCHÜECHLIFORMEN Ø 11 CM 5 STK.
*;**;705054900000;GUGELHOPF BACKFORM MARISSA Ø 24CM
*;**;705027800000;GUGELHOPFFORM 23 CM
*;**;705027500000;KUCHENBLECH 32X24CM
*;**;705028300000;KUCHENBLECH MIT DECKEL 24 X 32CM
*;**;705027200000;MUFFIN-FORM GROSS 12 STK
*;**;705028000000;PIZZABACKBLECH 32CM
*;**;705026500001;SPRINGFORM 18CM
*;**;705026500002;SPRINGFORM 24CM
*;**;705026500003;SPRINGFORM 26CM
***;**;705091000000;SILIKON-BACKPINSEL
***;****;703921400000;MEHLSIEB INOX
***;**;705092800000;TEIGRAD
***;**;705091100000;GM BACKPINSEL 2 STÜCK
***;****;703935700000;"EINWEG RAHMBLÄSER-KAPSELN ""KISAG"""
***;***;704969800000;GM TEIGHÖLZER SET
*;**;705028500000;KISAG FLAMBIERBRENNER
***;****;705066800000;KISAG RAHMBLÄSER CLASSIC COLD 0.5L
***;**;703909700000;SPRITZBEUTEL 25 CM MIT 4 TÜLLEN
***;**;705091200000;TEIGSCHABER KAUTSCHUK MIT INOXGRIFF
***;**;703928900000;TEIGSPACHTEL-SET
***;****;705095800000;Tülle Shaggy
***;****;705026900006;BLUMEN TÜLLE
***;****;705026900004;BLUMENTÜLLEN
***;****;705099800000;Sterntülle 19cm 
0;0;705038900085;GLITZERSPRAY GOLD
0;0;705038900084;GLITZERSPRAY SILBER (pink)
***;****;705801100000;Rundetülle 1.2mm 
0;0;705095200000;PME Suger Toppers Sneaker weiss
0;0;705095100000;PME Suger Toppers Sneaker rosa
0;0;705095000000;PME Suger Toppers Sneaker blau
0;0;705095600000;PME Sprinkles Unicorn
0;0;705095500000;PME Sprinkles Mermaid
0;0;705095700000;PME Sprinkles Fussball
0;0;705095400000;PME Sprinkles Dinosauier
0;0;705096100000;PME Glitzerndes Dekopuder Silber
0;0;705096300000;PME Glitzerndes Dekopuder Rot
0;0;705096200000;PME Glitzerndes Dekopuder Rosa 
0;0;705096000000;PME Glitzerndes Dekopuder Gold
0;0;705095900000;PME Glitzerndes Dekopuder Blau
0;0;705095300000;PME Cupcake Toppers Baby Shower Party
***;****;705802800000;PME Austecher für Fussbaltorte
*;****;705801200000;Mini Gugelhöpfli
***;****;705026900009;KROKUSTÜLLE
***;****;705026900002;LOCHTÜLLE 12MM
***;****;705026900001;ROSETTENTÜLLE 18MM
***;**;705034700001;SPRITZBEUTEL 35CM
***;**;705034700002;SPRITZBEUTEL 40CM
***;****;705026900003;STERNTÜLLE 12MM
***;****;705094000000;BACKFROMEN FUSSBALL
***;****;705030900000;TÜLLENADAPTER
***;****;705026900007;WOLKENTÜLLE
*;****;705092600000;24 CUP MINI MUFFIN PAN
*;**;705039100000;BACK-TRENNSPRAY
***;****;705099000000;
***;***;705033400000;GM TORTENBOX 30CM FSC
***;***;705033600000;GM TORTENPLATTE 22CM
***;***;705027300000;GM TORTENPLATTE 30CM
***;****;705093300000;Tortenring 20cm hoch verstellbar 18-32cm
***;****;705092700000;Tortenring 15cm hoch verstellbar 18-32cm
***;****;705093400000;TORTENRING 10CM
***;**;705005200000;BACKPINSEL MIT NYLONBORSTEN
***;****;704969300000;BACKRAHMEN ECKIG INOX 21 - 38,5 cm
***;***;704968400000;CAKE POP-STIELE 50 STK.
***;**;705091900000;EASY MUFFIN INKL. 12 SILIKON-FORMEN
***;**;703985400000;GM EINWEG-BF CAKE GROSS 6 STK.
***;**;705027400000;GM TEIGROLLER AUS BUCHENHOLZ FSC
***;****;705094900000;Pralinenförmchen Alu 40er Set
***;***;705801400000;PME Cup Kits Unicorn
***;***;705801500000;PME Cup Kits Mermaid
***;***;705801300000;PME Cup Kits Fussball
***;***;705801600000;PME Cup Kits Dino
***;***;705093200000;PAPIERBACKFÖRMCHEN HART KLEIN
***;***;705093100000;PAPIERBACKFÖRMCHEN HART GROSS
***;***;705802300000;MUFFINFÖRMCHEN METALLICFARBE X
***;***;705093700000;MUFFINFÖRMCHEN METALLICFARBE SILBER
***;***;705093500000;MUFFINFÖRMCHEN METALLICFARBE PINK
***;***;705093600000;MUFFINFÖRMCHEN METALLICFARBE HELLBLAU
***;***;705093800000;MUFFINFÖRMCHEN METALLICFARBE GRÜN
***;***;705094700000;Muffinform C
***;***;705094600000;Muffinform B
***;***;705094500000;Muffinform A 
***;***;705094200000;Minicake 
***;***;705094400000;Mini Muffinformen B
***;***;705094300000;Mini Muffinformen A
***;****;705092200000;PUDERZUCKERSTREUER
*;**;705054700000;RÜHRSCHÜSSEL 2L MIT GRIFF
*;**;705057800000;SCHÜSSELI MELAMIN 300ML
***;**;705091600000;SILIKON BACKFÖRMCHEN GROSS 12 STÜCK
***;**;705092000000;SILIKONFOERMCHEN GUGELHOPF 6 STK.
***;**;705092400000;SILIKONFOERMCHEN HERZ 6 STÜCK
***;***;705094800000;Pralinenförmchen 
***;***;705092100000;SILIKONFOERMCHEN MUFFIN 6 STK.
***;***;705801700000;Cup Kits Baby Shower Party
*;**;705057700000;TEIGSCHÜSSEL MELAMIN 4L
***;****;705093900000;BACKFORM DINO
***;**;704970900000;TORTENSCHNEIDER EDELSTAHL
***;**;703951100000;TORTENGLOCKE SAN WEISS
*;**;705091400000;EINWEG SPRITZSÄCKE TRANSPARENT
***;**;705099700000;Silikonbarkform Herz
***;****;705098700000;Muffin Backform für 12 Muffins
***;****;705098600000;Kuchenform 23x12,8 cm
***;****;705098900000;Backblech34,5x24,5 cm
***;****;705098800000;Auflaufform34,5 x 24,5 
*;*;705026800004;KUCHENBLECH 20CM RUND
*;*;705026800003;KUCHENBLECH 24CM RUND
*;*;705026800001;KUCHENBLECH 28CM RUND
*;*;705091700000;BROWNIE BACKFORM 25 CM X 18 CM
*;*;705099500000;BACKBLECH 41 X 26 CM
*;**;705099100000;Brotbackform ausziehbar 28-40cm
*;****;705099200000;Brotbackform oval
*;****;705027100000;CAKEFORM 20-35CM AUSZIEHBAR
*;****;705055600000;DONUT - UND BAGELFORM 12 ER
*;****;705098000000;Herzspringform gross
***;****;705026800002;KUCHENBLECH 32CM RUND
***;****;705026700004;KUCHENBLECH EMAIL 20cm
***;****;705026700003;KUCHENBLECH EMAIL 32cm
***;****;705026700001;KUCHENBLECH EMAIL Ø 24
***;****;705026700002;KUCHENBLECH EMAIL Ø 28
*;****;705055400000;MADELEINES BACKFORM
*;****;705026600000;SPRINGFORM 24CM EMAIL
*;****;705056000000;SPRINGFORM EXTRA HOCH
*;****;705056100000;SPRINGFORM Ø 26 MIT DECKEL
*;**;705091800000;TEFLON-PINSEL 2ER-SET
***;***;705066700000;TEIGSCHABER SET
***;****;705098500000;Teigschneider
***;****;705031900000;KUCHENSPACHTEL INOX 18/8
***;****;705032500000;TORTENHEBER INOX 18/8
***;****;705023300000;CUPCAKE KUCHENTESTER
***;****;705098200000;Mini Springform 
***;****;705098100000;Mini Herzspringform 
***;****;705801800000;Austecher Set Unicorn
***;****;705801900000;Austecher Set Mermaid
***;****;705802000000;Austecher Set Fussball
***;****;705802100000;Austecher Set Dino
***;****;705802200000;Ausstechformen Set Baby Shower Party
*;**;705098300000;Melamin Mixbecher
***;****;703946800000;AUSSTECHFORMEN KREISE 10 STK
***;**;704974200000;BACKBLECH AUSZIEHBAR 37-52CM
***;**;705025200000;BACKBLECH FUER FERTIGTEIG 41 X 26 CM
***;****;705092300000;DEKORIERFLASCHE AUS SILIKON MIT TÜLLEN
***;****;704975600000;MINI MUFFINFORM 12 STK
***;****;705068200000;PUDDINGFOERMCHEN 4 STK.
***;****;704974900000;QUICHEFORM 28CM MIT AUSSTOSSBAREM BODEN
***;**;705030500000;SILIKONBACKUNTERLAGE 30X40 CM
***;**;705067400000;SILIKONTEIGSCHABER GROSS
***;**;705067500000;SILIKONTEIGSCHABER KLEIN
***;****;705099600000;QUICHE- UND OBSTKUCHENFOR
***;****;703905200000;AUSKÜHLGITTER Ø 30
***;****;704969400000;FONDANT-GLÄTTER WEISS
***;****;705098400000;MEHLSCHABLONEN 4 ER SET
***;**;705028400000;SILIKON TEIGROLLER
*;**;705099300000;BAGUETTTE BACKFORM
*;*;703509200000; M-BUDGET KASSEROLLE 20 CM 
*;*;703505500000; M-BUDGET BRATPFANNE 28 CM FLACH
***;****;702513000000;GUSSEISEN CAQUELON 22CM
***;****;703806500000;BRATFILTER 18 STK.
****;****;703308600000;ABGIESSHILFE 20-24 CM SCHWARZ
***;**;703808900000;SPRITZSCHUTZDECKEL 29CM
***;****;703809100000;SPRITZSCHUTZDECKEL 30CM 
Not Rated;Not Rated;702503500000;BRENNPASTE 3ER FUER RECHAUD
Not Rated;Not Rated;702504600000;BRENNPASTE 850Gr.
Not Rated;Not Rated;702506300000;GASKARTUSCHE 400 ML
***;****;702531100000;SIEBE FUER FONDUE CHINOISE 3 STK.
***;****;702504300000;FONDUE-RECHAUD CHROM
***;**;702533500000;RACLETTE PFAENNCHEN 2 STK.
***;**;702540900000;FONDUEGABELN PLASTIK GR. SCHWARZ 6 STK.
****;****;702560000000;ALU-RONDELLE
***;**;702992600000;SILIKONUNTERSETZER SCHWARZ 2ER SET
***;****;703761100000;RACLETTE-SPACHTEL 6 STK.
Not Rated;Not Rated;703761200000;GASDOSE 100ML
*;**;703754900000;RACLETTE ERSATZPFÄNNCHEN FÜR KERZENRECHAUD
***;**;702515700000;FONDUE BOURG. GABELN SCHWARZER GRIFF
****;****;702516200000;GM FSC RACLETTE-SPACHTEL, 6 STUECK
***;**;703758700000;KF-SET 9-TLG. ROT MIT ALPENBLUMEN
***;****;703046800000;FONDUE GABEL 6ER SET KUNSTSTOFF
***;****;703755200000;SCHÄLCHEN WEISS GLÄNZEND
***;****;702521500000;UNIVERSAL FONDUE CAQUELON 18CM
***;****;702535600000;FLEISCHFONDUE-TELLER SUN WEISS SQUARE
*;**;703754200000;RACLETTE RECHAUD SINGLE ROT KREUZE
***;****;703530900020;PRIMA OFENFORM 31x23CM
*;*;703525800000;PRIMA STIELKASSEROLLE 20 CM SCHWARZ
*;*;703544100000;PRIMA STIELKASSEROLLE 14 CM  SCHWARZ
*;*;703565700000;PRIMA OFENFORM MINI 10X18 CM
*;*;703562400000;PRIMA STIELKASSEROLLE 18 CM SCHWARZ
*;*;703567200000;PRIMA BRATPFANNE 28 CM  HOCH 
*;*;703567100000;PRIMA BRATPFANNE 28 CM  FLACH 
*;*;703544000000;PRIMA OFENFORM 25X18CM
***;****;703308800000;PRIMA STIELKASS. MIT DECKEL 16 CM 
***;****;703308700000;PRIMA STIELKASS. MIT DECKEL 14 CM
***;****;703309300000;PRIMA KASS. MIT DECKEL 24 CM HOCH
***;****;703309100000;PRIMA KASS. MIT DECKEL 20 CM
***;**;703838800000;GASTRO GLASDECKEL 20 CM 
***;**;703838700000;GASTRO GLASDECKEL 18 CM 
***;**;703838600000;GASTRO GLASDECKEL 16 CM 
***;****;703563600000;GASTRO SPAGHETTITOPF 22 CM BESCHICHTET
*;*;703547800000;TITAN GRILLPFANNE 28X28 CM 
*;*;703546700000;TITAN BRATPFANNE 28 CM FLACH
*;*;703547000000;TITAN BRATPFANNE 28 CM  HOCH 
*;*;703546800000;TITAN BRATPFANNE 24 CM HOCH 
*;*;703546500000;TITAN BRATPFANNE 24 CM FLACH
*;*;703546400000;TITAN BRATPFANNE 20 CM FLACH
*;*;703562700000;TITAN BRATPFANNE 16 CM MY FIRST TITAN
*;*;702541400000;TITAN KF-CAQUELON ROT EDELW. 22CM
*;*;703754500000;TITAN KF-CAQUELON INDUCTION 22 CM SCHWARZ
*;*;703754300000;TITAN KF-CAQUELON INDUCTION 18 CM SCHWARZ
*;*;703562800000;TITAN BRÄTER LUNA MIT DECKEL 28 CM
*;*;703563000000;TITAN BRÄTER LUNA MIT DECKEL 20 CM
*;*;703566200000;TITAN STIELKASSEROLLE 20 CM
*;*;703567000000;PRIMA BRATPFANNE 24 CM  HOCH 
*;*;703566900000;PRIMA BRATPFANNE 24 CM  FLACH 
*;*;703566800000;PRIMA BRATPFANNE 20 CM  FLACH
***;****;708102700000;DÜNSTEINSATZ MIT TELESKOPGRIFF 
***;**;766601900054;GM OFENHANDSCHUH 2ER COGNAC
***;**;766601900068;GM OFENHANDSCHUH 2ER PETROL
***;**;766601900080;GM OFENHANDSCHUH 2ER GRAU
***;***;766602000054;OFENHANDSCHUH SILIKON 30CM COGNAC
***;***;766602000068;OFENHANDSCHUH SILIKON 30CM PETROL
*;**;704546900000;N°32 DAUERBACKFOLIE
***;****;704505000000;KAFINO KAFFEEFILTER-HALTER 1004/1002
***;****;704511900000;ROTHO VERSCHLUSS-KLIPSE 10STK. 
***;****;704506800000;N°08 CRUSHED ICE BEUTEL 20STK.
***;****;704550100000;N°5 EISKUGELBEUTEL 20STK.
***;**;704517000000;N°37 VERSCHLÜSSE 11CM 12ST.
***;****;704509800000;MBUD ALUMINIUM-FOLIE 75M X 29CM
*;**;704510500000;N°10 FRISCHHALTEFOLIE 20M
***;****;704540300000;N°42 ALUMINIUM-FOLIE 30Mx29CM
***;****;704542100000;N°49 ALUMINIUM-FOLIE BREIT 15Mx44CM
***;**;704547000000;N°33 BACKPAPIER ROLLE 15MX33CM
***;****;704504700000;N°11 FRISCHHALTEFOLIE MIKROWELLE
****;****;704546200000;N°12 FRISCHHALTE-PAPIER 22Mx33CM
***;****;704555800000;N°20 SANDWICHBEUTEL 60STK. 12x23CM
***;****;704506900000;N°34 BRATBEUTEL 8 STK.
***;****;704512900000;N°25 KÄSEPAPIER 10Mx29CM
***;****;704510800000;N°52 ALUMINIUM-FOLIE KRAFT-STRUKTUR 20M
***;**;704501700000;N°23 ZIP BEUTEL 3L / 15STK. 27x28CM
***;**;704501800000;N°24 ZIP BEUTEL 1L / 20STK. 18x20CM
***;****;704506200000;N°27 EASY COVERS
***;****;704508400000;N°53 ALU-GRILLSCHALEN
***;**;704508600000;N°60 HAND-VAKUUMIERGERAET STARTER
***;**;704508700000;N°61 VAKUUM-BEUTEL 1 LITER
***;**;704508800000;N°62 VAKUUM-BEUTEL 3 LITER
***;**;704513100000;N°36 DAMPFGARBEUTEL
***;****;704540400000;N°43 ALU-BOX 0.5L / 10STK.
***;****;704540500000;N°44 ALU-BOX 1L / 10STK.
***;****;704540700000;N°46 ALU-BOX 2L / 5STK.
***;****;704540800000;N°47 ALU-TELLER 20CM / 10STK.
***;****;704540900000;N°48 ALU-FORM-CHAESCHUECHLI 9CM / 25STK.
***;****;704550400000;N°1 GEFRIERBEUTEL 3.5L 27X28CM 20STK.
***;****;704550500000;N°2 GEFRIERBEUTEL 1L 18x20CM 30STK.
***;****;704516900000;N°56 ALU-PARTYPLATTE 35X25CM 5STK.
***;****;704516800000;N°16 SNACKBAGS 25 X 1L & 25 X 0.4L
***;****;704547500000;N°50 BACKOFENEINLAGEN 5STK. 41x46CM
****;****;704502000000;KAFINO N°2 UNGEBLEICHT 80STK.
****;****;704504000000;KAFINO N°4 UNGEBLEICHT 80STK.
***;****;704521000000;FINUM TEEFILTER GR.M
***;****;704521100000;FINUM TEEFILTER GR.L
***;****;704521900000;MBUD FH-FOLIE 75MX29CM
***;****;704522000000;MBUD MZ-BEUTEL MIT HENKEL 20L 30ST
***;**;704521200000;N°39 BACKOFENSCHUTZ WIEDERVERWENDBAR
*;**;704521300000;N°29 SILIKON FLEXI DECKEL S -XL
***;****;704521400000;N°59 POCHIERTE EIER BEUTEL 20 ST
***;****;704521500000;N°63 BEUTEL 25 X 1.5L & 25 X 2.5L
*;**;704521600000;N°45 GENUSSFOLIE 2 IN 1 29X6M
*;**;704521700000;N°9 THERMO BEUTEL 3 STK 21X22.5 CM
***;****;704512800000;N°28 FRESH BAG 10STK.
***;****;704500800000;N°3 GEFRIERBEUTEL 2L 20x32CM 50STK.
***;****;704500900000;N°4 GEFRIERBEUTEL 3L 24x36CM 50STK.
***;****;704502400000;N°26 ALLZWECKBEUTEL MIT ZUG 55L
***;****;704503900000;MBUD TIEFKUEHLBEUTEL 3L 24x36cm 100stk
***;****;704504100000;MBUD MEHRZWECKBEUTEL 150Stk. 20x30cm
***;****;704554000000;N°13 ALLZWECKBEUTEL 2L 20x30CM 100STK.
***;****;704554900000;N°14 KNOTENBEUTEL 5L 100STK. 22/11x45CM
***;****;704555000000;N°15 ALLZWECKBEUTEL 5L 30x45CM 50STK.
***;****;704555600000;N°18 ALLZWECKBEUTEL MIT ZUG 35L
***;****;704555700000;N°19 ALLZWECKEUTEL MIT ZUG 20L
***;****;704505300000;N°7 STEHBEUTEL 0.95L 18X16.5CM
***;****;704525700000;MBUD ZIP-BEUTEL 1L 20STK
***;****;704525600000;MBUD ZIP-BEUTEL 3L 20STK
***;**;704525800000;MBUD BACKPAPIER BÖGEN 42x33CM 30STK
***;**;704527200000;N°31 BACKPAPIER BOGEN FLACH 24STK 42x33CM 
***;**;704527600000;GENERATION-M SILIKONDECKEL
***;****;700170600001;VINTAGE TASSE KHAKI
***;****;700170600002;VINTAGE DESSERTELLER 22.5CM KHAKI
***;****;700170600003;VINTAGE TELLER FLACH 26.2CM KHAKI
***;****;700170600004;VINTAGE TELLER TIEF 22CM KHAKI
***;****;700170600005;VINTAGE SCHÜSSEL 14CM KHAKI
***;****;700170600006;VINTAGE SCHÜSSEL 18CM KHAKI
***;****;700170700001;VINTAGE TASSE OFFWHITE
***;****;700170700002;VINTAGE DESSERTELLER 22.5CM OFFWHITE
***;****;700170700003;VINTAGE TELLER FLACH 26.2CM OFFWHITE
***;****;700170700004;VINTAGE TELLER TIEF 22CM OFFWHITE
***;****;700170700005;VINTAGE SCHÜSSEL 14CM OFFWHITE
***;****;700170700006;VINTAGE SCHÜSSEL 18CM OFFWHITE
***;****;700166500005;Platte oval 33 cm
***;****;700166500004;Platte oval 23 cm
***;****;700166500003;Schüssel 26 cm
***;****;700166500002;Schüssel 17,5 cm
***;****;700166500001;Schüssel 11,5 cm
***;***;766600300068;GM KT WAFFLE TWO TONE PETROL 2ER
***;***;766600300080;GM KT WAFFLE TWO TONE GRAU 2ER
***;***;766600400074;GM KT BISTRO BEIGE 2ER
***;***;766600400054;GM KT BISTRO COGNAC 2ER
***;***;766600400068;GM KT BISTRO PETROL 2ER
***;***;766600400080;GM KT BISTRO GRAU 2ER
***;***;766602200000;GM KT HOME SWEET HOME 2ER
***;***;766602300000;GM KT EAT.DRINK.LOVE 2ER
***;***;766601600000;GM KOCHSCHÜRZE MIT LATZ
***;***;766601700000;GM KOCHSCHÜRZE BISTRO
***;**;766601800054;GM OFENHANDSCHUH/LAPPEN SET COGNAC
***;**;766601800068;GM OFENHANDSCHUH/LAPPEN SET PETROL
***;***;766600200068;GM KT WAFFLE PETROL 2ER
***;***;766600200080;GM KT WAFFLE GRAU 2ER
***;***;766600500000;GM KT VEGGIE PRINT 2ER
***;***;766600600000;GM KT ONION PRINT 2ER
***;***;766600700000;GM KT EUCALYPTUS PRINT 2ER
***;***;766600800000;GM KT HEART PRINT 2ER
***;***;766600900000;GM KT RADISH PRINT 2ER
***;***;766601000000;GM KT LEMON PRINT 2ER
***;****;703810100000;PFANNENSCHONER 3ER SET 38 X 38 CM
***;****;703810200000;PFANNENSCHONER 3ER SET KLEIN 28 X 28 CM
***;****;703796800000;MINI BRÄTER STEINZUG 10 CM SCHWARZ
***;****;703579600000;OFENFORM GLAS OVAL 26 X 18 CM
***;****;703579700000;OFENFORM GLAS OVAL 30 X 21 CM
***;****;703579800000;OFENFORM GLAS OVAL 39.5 X 27.5 CM
***;****;703579900000;OFENFORM GLAS RUND 26 CM
***;****;703580000000;OFENFORM GLAS RECHTECKIG 29 X 17.5 CM
***;****;703580200000;OFENFORM GLAS RECHTECKIG 39 X 24 CM
***;****;703580300000;OFENFORM GLAS RECHTECKIG 34 X 20.5 CM
***;****;703580400000;BRÄTER MIT DECKEL GLAS 37 x 22 CM
***;****;703795800000;RAMEQUIN 10 CM WEISS
***;****;703795900000;RAMEQUIN 17.3 CM WEISS
***;****;703796000000;EIERPFÄNNCHEN 14 CM WEISS
***;****;703796100000;EIERPFÄNNCHEN 20.5 CM WEISS
***;****;703796200000;OFENFORM RECHTECKIG WEISS
*;**;703810700000;STUFENDECKEL 16-20 CM
*;**;703810800000;STUFENDECKEL 24-28 CM
*;**;703810900000;DECKEL MIT SILIKONRAND 18 CM
*;**;703811000000;DECKEL MIT SILIKONRAND 20 CM
*;**;703811100000;DECKEL MIT SILIKONRAND 24 CM
*;**;703811200000;DECKEL MIT SILIKONRAND 28 CM
****;****;703796400000;GM RACLETTE UNTERSETZER MIT GRAVUR 2ER
***;**;703796500000;GM KF-GABELN OLIVENHOLZ
***;****;703796600000;KÄSEFONDUETELLER WEISS
*;*;703796700000;BRENNPASTE 250 ML
***;****;708129300000;AUSZIEHBARE ABGIESSHILFE INOX
***;****;703796900000;MINI BRÄTER STEINZUG 10 CM WEISS
*;*;703580500000;PRIMA CRÊPE-PFANNE 
*;*;703580700000;PRIMA OFENFORM 35 x 27 CM
***;****;703580600000;RECY GRILLPFANNE MINI
***;****;703310500000;PRIMA STIELKASS. MIT DECKEL 18 CM
***;****;703310600000;PRIMA KASS. MIT DECKEL 22 CM 
***;****;703797700000;GUSS-BRAETER  SCHWARZ MIT DECKEL 21 CM
***;****;703797800000;GUSS-BRAETER  SCHWARZ MIT DECKEL 26 CM
***;****;703797900000;GUSS-BRAETER SCHWARZ OVAL MIT DECKEL
***;****;703797100000;GUSS-BRATPFANNE 28 CM
***;****;703797000000;GUSS-BRATPFANNE 22 CM
***;****;703798000000;GUSS-SAUCEPFANNE 19 CM
***;****;703797200000;GUSS-GRILLPFANNE 28 CM
***;****;703797400000;WOK 28 CM
***;****;703797300000;WOK 20 CM
***;****;703797600000;GUSS-PFANNE 
***;****;703310700000;GASTRO SAUCENPFAENNCHEN 12 CM
***;****;703310900000;GASTRO STIELKASSEROLLE 16 CM 1.5 L
***;****;703311000000;GASTRO STIELKASSEROLLE  18 CM 2 L
***;****;703311400000;GASTRO KASSEROLLE 20 CM 2.5 L
***;****;703311700000;GASTRO KASSEROLLE 24 CM 6 L
***;**;703811300000;GASTRO GLASDECKEL 14 CM
***;****;703311100000;GASTRO KASSEROLLE 16 CM 1.4 L FLACH
***;****;703311200000;GASTRO KASSEROLLE 16 CM 2.5 L HOCH
***;****;703311300000;GASTRO KASSEROLLE 18 CM 2.0 L FLACH
***;****;703311500000;GASTRO KASSEROLLE 20 CM 3.7 L HOCH
***;****;703311600000;GASTRO KASSEROLLE 22 CM 6.5 L HOCH
***;**;703310800000;GASTRO STIELKASSEROLLE 14 CM
*;****;703581700000;GASTRO BRATPFANNE 20 CM
*;****;703581800000;GASTRO BRATPFANNE 24 CM
*;****;703581900000;GASTRO BRATPFANNE 28 CM
*;****;703582000000;GASTRO BRATPFANNE 28 CM HOCH
***;****;703797500000;WOK 36 CM MIT ACCESSOIRES
***;****;703583100000;RECY BRATPFANNE 20 CM
***;****;703583200000;RECY BRATPFANNE 24 CM
***;****;703583900000;RECY BRATPFANNE 28 CM
***;****;703584200000;RECY BRATPFANNE 28 CM HOCH
***;****;703584100000;RECY BRATPFANNE 24 CM HOCH
***;****;703584500000;RECY GRILLPFANNE 28X28 CM
***;****;703587100000;RECY BRÄTER 24 CM
***;****;703587200000;RECY BRÄTER 28 CM
***;****;703584300000;RECY BRATPFANNE 16 CM FLACH
***;****;703586900000;RECY STIELKASSEROLE 16 CM
***;****;703586800000;RECY WOK 28 CM
***;****;703586700000;RECY WOK 20 CM 
***;****;703584400000;RECY BRATPFANNE 32 CM FLACH
***;****;703584000000;RECY BRATPFANNE 20 CM HOCH
***;****;703582100000;RECY OFENFORM 10 X 18 CM
***;****;703582700000;RECY OFENFORM 25 X 16 CM
***;****;703582800000;RECY OFENFORM 31 X 23 CM
***;****;703582900000;RECY EIERPFÄNNCHEN 20 CM
***;****;703587000000;RECY BRÄTER 20 CM
*;*;703587400000;TITAN BRÄTER 24 CM
*;*;703588100000;TITAN BRÄTER 28 CM
*;*;703581500000;TITAN WOK 28CM
*;*;703581400000;TITAN WOK 20CM 
*;*;703580900000;TITAN BRATPFANNE 30 CM FLACH
*;*;703580800000;TITAN BRATPFANNE 20 CM HOCH
*;*;703587300000;TITAN BRÄTER 20 CM
***;***;766601100020;GM KT SCHERENSCHNITT SCHWARZ 1ER
***;***;766601100074;GM KT SCHERENSCHNITT BEIGE 1ER
***;***;766601200000;GM KT JACQ. VEGGIE 1ER
***;***;766601300000;GM KT JACQ. LIMONADE 1ER
***;****;700429300010;GM SERV 1/8 FALZ UNI WEISS
***;***;700429300032;GM SERV 1/8 FALZ UNI ROT
***;***;700470100010;GM TT-ROLLE 10M DAMAST WEISS
***;***;700470500010;GM TT-ROLLE 8M VLIES WEISS
***;****;700483000010;GM SERV 40CM UNI WEISS 50ER
***;****;701034200010;GM SERV 24CM UNI WEISS
***;***;701057200000;GM TT 160x220CM UNI WEISS
***;***;701071900010;GM GLASUNTERSETZTER AIR  WEISS
***;***;701072000010;GM TISCHSETS AIR WEISS 12ER
***;***;701072000030;GM TISCHSETS AIR ROT 12ER
***;***;701072000050;GM TISCHSETS AIR GELB 12ER
***;***;701072000061;GM TISCHSETS AIR LIMETTE 12ER
***;***;701072200030;GM TT-ROLLE 8M VLIES ROT
***;***;701072200061;GM TT-ROLLE 8M VLIES LIMETTE
***;***;701072300030;GM TS/TL 4.8M UNI ROT
***;***;701072300061;GM TS/TL 4.8M UNI GRÜN
***;***;701072500030;GM TT 160x220CM ROT
***;***;705414500000;GM SERV 24CM UNI ROT
***;***;705410500000;GM SERV 33CM UNI ROT
***;***;705410800000;GM SERV 40CM UNI ROT
***;***;705417200000;GM TISCHSET AIR GRAU 12ER
***;***;705416800000;GM TT 160X220CM AIR DUNKELGRAU
***;***;705456200000;GM SERV 33CM WEISS 50Stück
***;***;705463900000;GM SERV 33CM FEDER/GOLD
***;***;705466400000;GM SERV 33CM GEPRÄGT HERZ GOLD
***;***;705466800000;GM SERV 33CM GEPRÄGT HERZ/ROT
***;***;705472000000;GM SERV 33CM UNI RECYCLING
***;***;705472100000;GM SERV 40CM SILKTOUCH GEMUSTERT SCHWARZ
***;***;705473600000;GM SERV 40CM SILKTOUCH GEMUSTERT TAUPE
***;***;705474600000;GM SERV 40CM AIRLAID SCHWARZ
***;***;705476700000;GM TS/TL DUNICEL 4.8M UNI TAUPE
***;***;705477800000;GM TS/TL 4.8M HAPPY BIRTHDAY
***;***;705478500000;GM TS/TL 4.8M PUNKTE GOLD
***;***;705479000000;GM TT-ROLLE VLIES 8M HAPPY BIRTHDAY
***;***;705479500000;GM TT-ROLLE  8M DUNICEL TAUPE
***;***;709313400000;GM SERV 1/8 FALZ UNI DUNKELBLAU
***;***;709313500000;GM SERV 33CM UNI DUNKELBLAU
***;***;709313600000;GM SERV 40CM UNI DUNKELBLAU
***;***;709313700000;GM SERV 25CM UNI DUNKELBLAU
***;***;709314900000;GM SERV 1/8 FALZ UNI OLIVE
***;***;709315000000;GM SERV 33CM UNI OLIVE
***;***;709315100000;GM SERV 40CM UNI OLIVE
***;***;709315200000;GM SERV 24CM UNI OLIVE
***;***;709316400000;GM MB SERV 33CM UNI ORANGE
***;***;709316500000;GM MB SERV 40CM UNI ORANGE
***;***;709316600000;GM MB SERV 33CM UNI LIMETTE
***;***;709316700000;GM MB SERV 40CM UNI LIMETTE
***;***;709317500000;GM SERV 33CM BE HAPPY
***;***;709318400000;GM SERV 33CM BON APPETIT GRAU/GOLD
***;***;709318700000;GM SERV 25CM CHEERS WEISS/GOLD
***;***;709318900000;GM SERV 25CM HERZEN
***;***;709319200000;GM TISCHSETS AIR TAUPE 12ER
***;***;709319400000;GM SERV 25CM AIRLAID UNI WEISS
***;***;709319300000;GM SERV 33CM AIRLAID UNI WEISS
***;***;709319500000;GM SERV 40CM AIRLAID UNI WEISS
***;***;709320100000;GM SERV 24CM AIRLAID UNI SCHWARZ
***;***;709320200000;GM SERV 33CM AIRLAID UNI SCHWARZ
***;***;709320300000;GM SERV 24CM AIRLAID UNI BORDEAUX
***;***;709320400000;GM SERV 33CM AIRLAID UNI BORDEAUX
***;***;709320500000;GM SERV 40CM AIRLAID UNI BORDEAUX
***;***;709321300000;GM SERV 40CM SILKTOUCH RANKEN BORDEAUX
***;***;709321400000;GM SERV 25CM UNI RECYCLING
***;***;709321500000;GM SERV 1/8 FALZ UNI RECYCLING
***;***;709321600000;GM SERV 40CM UNI RECYCLING
***;***;709321900000;GM SERV 33CM RECYLCING BLÄTTER
***;***;709322000000;GM SERV 33CM RECYLCING GINKGO
***;***;709322100000;GM SERV 33CM RECYLCING HERZ BLÄTTER
***;***;701072300050;GM TS/TL VLIES 4.8M GELB
***;***;709350700000;GM SERV 1/8FALZ UNI GELB 
***;***;709350800000;GM SERV 24 UNI GELB
***;***;709350900000;GM SERV 33 UNI GELB
***;***;709351000000;GM SERV 40 UNI GELB
***;***;709351500000;GM SERV 1/8FALZ UNI GRAU 
***;***;709351600000;GM SERV 24 UNI GRAU
***;***;709351700000;GM SERV 33 UNI GRAU
***;***;709351800000;GM SERV 40 UNI GRAU
***;***;709351900000;GM SERV 1/8FALZ UNI SCHWARZ 
***;***;709352000000;GM SERV 24 UNI SCHWARZ
***;***;709352100000;GM SERV 33 UNI SCHWARZ
***;***;709352200000;GM SERV 40 UNI SCHWARZ
***;***;709352300000;GM SERV 25 ZITRONE
***;***;709352400000;GM SERV 33 BLUMENWIESE
***;***;709352500000;GM SERV 25 PUNKTE BLAU 
***;***;709352600000;GM  SERV 33 PUNKTE GRÜN
***;***;709352700000;GM SERV 33 EUKALYPTUS
***;***;709352800000;GM TT-ROLLE  8M VLIES RANKE SCHWARZ
***;***;709352900000;GM TT 160X220CM AIR GRÜN
***;***;709353000000;GM TT 160X220CM AIR RANKE SCHWARZ
***;***;709353100000;GM TT 160X220CM AIR PUNKTE GRÜN
***;***;709353200000;GM TS/TL 4.8M VLIES WEISS
***;***;709353600000;GM SERV 33 SILKTOUCH STREIFEN TAUPE
***;***;709353700000;GM SERV 33 SILKTOUCH STREIFEN BORDEAUX
***;***;709353800000;GM SERV 33 SILKTOUCH STREIFEN SCHWARZ
***;***;709353900000;GM SERV 33  RECYCLING NATURE HEART
***;***;709354000000;GM SERV 25  RECYCLING NATURE HEART
***;***;709354100000;GM SERV 25  RECYCLING BLATT SKELETT
***;***;702036100000;TRINKHALME GERADE 50STK SCHWARZ
***;***;702036200000;TRINKHALME COCKTAIL 50STK SCHWARZ
***;****;700165300001;APERO GLAS 6ER SET RUND
***;****;700165300002;APERO GLAS 6ER SET
***;****;700165300003;APERO GLAS 6ER SET GERADE
***;**;701157100000;COCKTAILSHAKER SET 3TLG
****;****;701156400000;KARAFFE MIT EDELSTAHL, 1L
***;****;701153800080;ACQUA DÜNN GRAU 4ER, 37CL
***;****;701153800060;ACQUA DÜNN GRÜN 4ER, 37CL
***;****;701153900080;LD DÜNN GRAU 4ER, 50CL
***;****;701153900060;LD DÜNN GRÜN 4ER, 50CL
***;****;701156700080;KRUG OHNE SPRINKLES GREY, 1.8L
***;****;701156700060;KRUG OHNE SPRINKLES GREEN, 1.8L
***;****;702306900000;K&C TEEGLAS 2ER 23CL
***;**;702324600000;K&C CHEMEX 600ML
***;**;702326900000;K&C TEA POT PREMIUM
***;****;701156300000;KARAFFE GLAS MIT KORKDECKEL, 1L
***;****;701154200001;WHISKEY ACQUA 4ER, 36CL
***;****;701154200002;WHISKEY LD 4ER, 39CL
***;****;701158100000;BASIC ACQUA 6ER, 28CL
***;****;701157000000;WHISKEY SET 3TLG
***;****;701154500001;CLASSIC CHAMPAGNER SCHALE 6ER, 29CL
***;****;;Burgunder 6ER, ca. 57CL
***;****;;Goblet 6ER, ca. 55CL
***;****;;Weinkelch 6ER, ca. 45CL
***;****;;Weinkelch 6ER, ca. 35CL
***;****;;Weinkelch 6ER, ca. 25CL
***;****;701154300001;CRYSTAL CHAMPAGNE 4ER, 25CL
***;****;701154300002;CRYSTAL MARTINI 4ER, 23CL
***;****;701155900000;KRUG ROCK, 1.5L
***;****;701155600000;WEIZEN 2ER, 33CL
***;****;701155700000;TULPE 2ER, 42CL
***;****;701158200001;BASIC ACQUA RILLEN 6ER, 25CL
***;****;701158200002;BASIC LD RILLEN 6ER, 35CL
***;****;701158300001;M-BUDGET PROSECCO 6ER, 14CL
***;****;701158300002;M-BUDGET ROSSO/BIANCO 6ER, 24CL
***;****;701158400000;M-BUDGET ACQUA 6ER 30.5CL
***;****;701156100000;WEINKARAFFE, 0.5L
***;****;701156200000;WEINKARAFFE, 1L
***;****;701156900000;BASIC DEGUGLAS, 6ER, 21.5CL
***;****;701157200000;BIERGLAS MIT HENKEL 2ER, 33CL
***;****;701155800000;PILS 2ER, 30CL
***;****;701153400001;PUCCINI CHAMPAGNER 4ER, 280ml
***;****;701153400002;PUCCINI BIANCO 4ER, 56CL
***;****;701153400003;PUCCINI ROSSO 4ER, 75CL
***;****;701153500000;PUCCINI LONGDRINK 4ER, 36CL
***;****;701154000000;ROCKBAR SHOTGLAS 6ER, 5CL
***;****;701154100000;PURE SHOT 6ER, 3CL
***;****;701154400001;WHISKEY LD ACQUA KARIERT 2ER, 36CL
***;****;701154400002;WHISKEY AQUA KARIERT 2ER, 26CL
***;****;701157500001;ACQUA ROCK 6ER, 26.5CL
***;****;701157500002;LD ROCK 6ER, 34CL
***;****;701155600000;WEIZEN 2ER, 33CL
***;****;701155700000;TULPE 2ER, 42CL
***;****;701158000000;BUBBLES LD EINZEL, 33CL
***;****;701156000000;BUBBLES KRUG GRAU, 1.2L
***;****;701158400000;M-BUDGET ACQUA 6ER 30.5CL
***;****;701158500000;BASIC GLAS 12ER SET, 6X 24CL UND 6 X 33CL
***;****;701157200000;BIERGLAS MIT HENKEL 2ER, 33CL
***;****;701155800000;PILS 2ER, 30CL
***;****;701156100000;WEINKARAFFE, 0.5L
***;****;701156200000;WEINKARAFFE, 1L
***;****;701154800040;RECYCLING ACQUA EINZEL HELLBLAU, 22CL
***;****;701154800060;RECYCLING ACQUA EINZEL DUNKELBLAU, 22CL
***;****;701157300080;RECYCLING LD EINZEL GRAU, 30CL
***;****;701157300060;RECYCLING LD EINZEL GRÜN, 30CL
***;****;701157400001;RECYCLING ACQUA ROCK EINZEL, 22CL
***;****;701157400002;RECLING LD ROCK EINZEL, 50CL
***;****;701156500000;RECYCLING KRUG RUND, 2.3L
***;****;701156600000;RECYCLING KARAFFE, 1L
***;****;701154500002;CLASSIC BIANCO 6ER, 52CL
***;****;701154500003;CLASSIC ROSSO 6ER, 68CL
***;****;701155200000;MARGARITA 4ER, 30CL
***;****;701155300000;GIN 4ER, 65CL
***;****;701155400000;SPRITZ 4ER, 62CL
***;****;701155500000;COCKTAIL 4ER, 44CL
***;****;7011568000001;BASIC PROSECCO 6ER, 19CL
***;****;701156800002;BASIC BIANCO 6ER, 32CL
***;****;701156800003;BASIC ROSSO 6ER, 42CL
***;****;701155600000;WEIZEN 2ER, 33CL
***;****;701155700000;TULPE 2ER, 42CL
***;****;701158100000;BASIC ACQUA 6ER, 28CL
***;****;701155800000;PILS 2ER, 30CL
***;****;701154100000;PURE SHOT 6ER, 3CL
***;****;701157700000;KINDERGLAS MOTIV 1 EINZEL, 25CL
***;****;701157800000;KINDERGLAS MOTIV 2 EINZEL, 25CL
***;****;701157900000;KINDERGLAS MOTIV 3 EINZEL, 25CL
***;****;701161500000;KINDERGLAS MOTIV 4 EINZEL, 25CL
***;****;701153000001;MADOX ACQUA 4ER 25CL
***;****;701153000002;MADOX LD 4ER 37CL
***;****;701153100000;ACQUA/VINA 4ER, 39CL
***;****;701153200001;PREMIUM FORTISSIMO CHAMPAGNER 4ER, 24CL
***;****;701153200002;PREMIUM FORTISSIMO BIANCO 4ER, 50CL
***;****;701153200003;PREMIUM FORTISSIMO ROSSO 4ER, 63CL
***;****;7023.148    7023248;" DOUBLE WALL GLASS CUP 380ML
SET OF 2"
***;****;7023249;Espresso set of 4
***;****;7023256;"capuccino cocoa patterns
Set of 6 pcs"
***;****;7023263;"Tea cup
capacity 450ml"
***;****;7023264;"stoneware teapot 
18.7*14.2*11.2CM  
12pcs/carton"
***;****;7023265;stoneware tea cups set of 2
***;****;702326600000;K&C TEEGLAS DW FLACH
***;****;702328500000;Cold water jug
***;****;702326000000;"CAST IRON TEAPOPT - 1100ML
SIZE: L22.2*W19*H17cm"
***;****;702328000000;"CAST IRON TEAPOPT - 1500ML
SIZE: L20.6*W18.1*H20.5cm"
***;**;702324700000;MANUAL COFFEE MILL
***;**;702324300000;COFFEE PLUNGER - 600ML
***;**;702327400000;SET OF 32 S/S TEA INFUSER WITH  TRAY
***;****;702327300000;SET OF 32 S/S TEA BALL
***;**;702424600000;1.0l stainless steel vacuum jugplastic PP cover/mouth/base?matt finish, 201s/s painting body, beech wood handle, with 201s/s push button, glass liner inside                    product size: dia13*height26.5cm
***;**;702327000000;Macha Tea Set
***;**;7023244;K&C MILCHSCHÄUMER 0.6L
***;**;7023281;K&C MILCHSCHÄUMER
***;***;766600100074;GM KT BIG WAFFLE BEIGE 2ER
***;***;766600100054;GM KT BIG WAFFLE COGNAC 2ER
***;***;766601500000;GM HT FROTTEE GRAU 2ER
***;***;766601400000;GM HT FROTTEE PETROL 2ER
****;****;708002500000;CLEVERBAG AZ-BEUTEL 55L 20ST
****;****;708002600000;CLEVERBAG AZ-BEUTEL 35L 20ST
****;****;708002700000;CLEVERBAG AZ-BEUTEL 20L 20ST
***;****;708002800000;CLEVERBAG COS 3L 20ST
***;****;708002900000;CLEVERBAG COS 6L 20ST
***;****;708003000000;CLEVERBAG COS 12L 20ST    
***;***;706813000000;CLEVERBAG HERKULES 35L 20ST
***;***;705916900000;CLEVERBAG HERKULES 60L 20ST
***;***;70594560000;CLEVERBAG HERKULES 110L 20ST    
***;****;708004000000;"M-Budget Cosmetic bag with handle (Pedal Bin Liners with Tie Handle)
10 liters x 75 pieces  Size: 36x56cm 
Thickness: 7.5mic"
***;****;708004100000;"M-Budget Cosmetic bag with handle (Pedal Bin Liners with Tie Handle)
25 liters x 50 pieces   Size: 54x69cm 
Thickness: 9mic"
***;****;708003800000;"scented bags 35L x 20
vanilla & lavender
roll with drawstring     Size: 55x63cm
Thickness: 29mic"
***;****;708003700000;"bag with handle on roll 20X5liters, antibacterial     Size: 33x48cm
Thickness: 9mic"
***;****;708003900000;"bags 20L x 20
odor control, active fresh
roll with drawstring     Size: 45x50cm
Thickness: 29mic"
***;****;702328600000;K&C CERAMIC COFFEEFILTER 
***;****;702326100000;K&C Tea Pot black
***;****;702326200000;K&C TEA CUPS BLACK 2PC.
***;****;705644800000;K&C KARTUSCHEN 3 STK MONO
***;****;703202600000;K&C KARTUSCHEN 3 STK DUOMAX
***;**;703261600000;K&CWASSERFILTER-KRUG DUOMAX
***;****;702419900000;ME K&C AIR-POT 2.3L ANTHR
***;**;702419200000;ME K&C ISOKANNE MIT TEESIEB
***;**;705603400000;K&C MILCHSCHÄUMER INKL. 2 BATTERIEN
***;**;702317400000;K&C TEEKANNE GLAS 0.9L
***;****;702314600000;K&C ESPRESSOGLAS DW 2ER
***;****;702314700000;K&C KAFFEEGLAS DW 2ER
***;****;702311700000;K&C KAFFEEPRESSE 0.9L
***;****;709005800000;ME AIR-POT 3.0L SCHWARZ E
***;****;703147700000;K&C TEEZANGE
***;****;702321400000;K&C MILCHSCHAUM-KÄNNCHEN SILBER
***;****;702321900000;K&C TEEGLAS DW 0.4L
***;****;702323900000;K&C MILCHSCHAUM-KÄNNCHEN SCHWARZ
***;**;702423500085;ME K&C ISOKRUG DW 1.5L ED
***;**;702413600085;ME K&C ISOKRUG DW 0.9L SI
***;**;705698800000;K&C SPRUDLERFLASCHE
***;**;705698700000;CUCINA & TAVOLA SPRUDELGE
*;*;705667700000;GASFÜLLUNG M-CLASSIC ZYLI
***;**;711124300000;Gold rim paper plate 12pk
***;**;711124400000;Gold Rim paper cup 12pk
***;**;711124500000;Colour mixed napkins with fringe edge 20pk 
***;**;711127000000;Paper streamer 8pk
*;*;711123700000;3D animal birthday candle 5pk
*;*;711123100000;"""Happy Birthday"" birthday candle 24pk"
**;**;711125800000;Happy Birthday letter foil balloons 
**;**;711121700000;Animal foil balloons 3pk 
**;**;711121900000;balloon arch colorful 90pcs
***;**;711121800000;DIY balloon with stickers
**;**;711120500001;foil ballon no 1
**;**;711120500002;foil ballon no 2
**;**;711120500003;foil ballon no 3
**;**;711120500004;foil ballon no 4
**;**;711120500005;foil ballon no 5
**;**;711120500006;foil ballon no 6
**;**;711120500007;foil ballon no 7
**;**;711120500008;foil ballon no 8
**;**;711120500009;foil ballon no 9
**;**;711120500010;foil ballon no 0
**;**;711121200000;Foil balloon Happy Birthday gold
**;**;711120800000;foil balloon heart golkd
**;**;711121100000;Foil balloon Happy Birthday 3pcs
*;*;711126300000;confetti happy birthday
*;*;711120600001;candle no 1
*;*;711120600002;candle no 2
*;*;711120600003;candle no 3
*;*;711120600004;candle no 4
*;*;711120600005;candle no 5
*;*;711120600006;candle no 6
*;*;711120600007;candle no 7
*;*;711120600008;candle no 8
*;*;711120600009;candle no 9
*;*;711120600010;candle no 0
*;*;711122300000;balloonb candles Happy Birthday 12pcs
*;*;711122400000;candles sleek gold 10pcs
*;*;711122500000;candles twisted gold 24pcs
*;*;711122600000;birthday candles happy birthday block pastel
*;*;711122700000;birthday candles happy birthday block gold
*;*;711122800000;birthday candle happy birthday cursiv gold
***;**;711124000000;paper plate lets party 12pcs
***;**;711124100000;paper cups yay! 12pcs
***;***;711124200000;paper napkins 33cm party time! 20pcs
*;*;711123000000;birthday candles twisted white 24pcs
*;*;711123100000;birthday candles colorful Happy Birthday print 10pcs
*;*;711123200000;birthday candles metallic 10pcs
*;*;711123300000;birthday candles happy birthday block colorful dots
*;*;711123400000;birthday candles metallic hearts and stars
*;*;711123500000;birthday candles happy birthday block silver
*;*;711123600000;birthday candle happy birthday cursiv silver
*;*;711123800000;candles sleek silver 10pcs
***;**;711126700000;confetti dots colorful
***;**;711124900000;Jungle paper plate 12pcs
***;**;711125000000;Jungle paper cup 12pk 
***;**;711125100000;Jungle napkin 20pk
**;**;711121600000;confetti balloon 10pcs
***;**;711125900000;Garland Happy Birthday pastel
*;*;711126000000;Party decoration set
***;**;711126100000;Garland Happy Birthday colorful with tassels
**;**;711120900000;BALLONE GOLD METALLIC 10 STK
**;**;711121000000;BALLONE PASTELL 10 STK
**;**;711127800000;KNICKLICHT PARTYPACK 104STK
*;*;711122900000;TORTENFEUERWERK TRAUMSTERN 4STK
**;**;711126900000;BALLON XXL 1 STK
*;*;711127200000;TISCHBOMBE MINI POP ART
*;*;711127300000;TISCHBOMBE MINI TIERLI
*;*;711127400000;TISCHBOMBE MINI BUNT HOLO  WORDING
*;*;711127100000;TISCHBOMBE MINI LETS PARTY GOLD 
**;**;711121500000;BALLONE POP ART 10 STK
*;*;711127900000;TISCHBOMBE MINI HAPPY BIRTHDAY
***;***;711126200000;WIMPEL-GIRLANDE BUNT 10M
*;*;711122100000;WUNDERKERZE HERZ
*;*;711122200000;WUNDERKERZE STERN
*;*;711120700001;WUNDERKERZEN_ZAHL 1
*;*;711120700002;WUNDERKERZEN_ZAHL 2
*;*;711120700003;WUNDERKERZEN_ZAHL 3
*;*;711120700004;WUNDERKERZEN_ZAHL 4
*;*;711120700005;WUNDERKERZEN_ZAHL 5
*;*;711120700006;WUNDERKERZEN_ZAHL 6
*;*;711120700007;WUNDERKERZEN_ZAHL 7
*;*;711120700008;WUNDERKERZEN_ZAHL 8
*;*;711120700009;WUNDERKERZEN_ZAHL 9
*;*;711120700010;WUNDERKERZEN_ZAHL 0
*;*;711128700000;WUNDERKERZEN 30 STK.
**;**;711121300000;BALLONE BUNT 100 STK.
**;**;711121400000;BALLONE HAPPY BIRTHDAY PRINT 12 STK
**;**;711122000000;ILLOOMS LED BALLONE 5 STK
**;**;711127500000;BALLON PUMPE KLEIN
***;**;711126400000;LUFTSCHLANGEN 3 STK. BUNT
**;**;711126500000;PARTY-SET BALLONE+LUFTSCHLANGEN
***;**;711126600000;LUFTSCHLANGEN GOLD 3 STK. 
***;**;711124600000;GM PAPPTELLER RAINBOW 12 STK
***;**;711124700000;GM PAPPBECHER RAINBOW 12 STK
***;***;711124800000;GM SERV 33 RAINBOW 20 STK
***;**;711125200000;GM PAPPTELLER POP ART 12 STK
***;**;711125300000;GM PAPPBECHER POP ART 12 STK
***;***;711125400000;GM SERV 33 POP ART 20 STK
***;**;711125500000;GM PAPPTELLER HAPPY BIRTHDAY 12STK
***;**;711125600000;GM PAPPBECHER HAPPY BIRTHDAY 200ML 12STK
***;***;711125700000;GM SERV 33 HAPPY BIRTHDAY 20STK
***;**;711127600000;KONFETTI SHOOTER GOLD GROSS
***;**;711127700000;KONFETTI SHOOTER BUNT 2 STÜCK
***;***;5260102;M-Budget Kitchen towel (Standard)
***;***;5260118;M-Classic Kitchen Towel (Standard)
***;***;5260806;M-Classic Kitchen Towel (Sellout Duo)
***;***;5260214;Classic Kitchen towel (Standard)
***;***;5260786;Classic Kitchen towel (Sellout XXL-Pack)
***;***;5260202;Style Kitchen towel (Standard)
***;***;5260757;Style Kitchen towel (Sellout XXL-Pack)
***;***;5260215;Deluxe Kitchen towel (Standard)
***;***;5260736;Deluxe Kitchen towel (Sellout XXL-Pack)
***;***;5260210;Recycling Deluxe Kitchen towel (Standard)
***;***;5260798;Recycling Deluxe Kitchen towel (Sellout XXL-Pack)
***;***;5260xxx (5260211 old);Recycling Kitchen towel (Standard) new 1/2-Sheet
***;***;5260xxx (5260785 old);Recycling Kitchen towel (Sellout XXL-Pack) new 1/2-Sheet
***;***;5260207;Refill Kitchen towel (single sheets) (Standard)
***;***;5262104;M-Budget Recycling Toilet Paper (Standard)
***;***;5262100;M-Budget Recycling Toilet Paper (Standard)
***;***;5262101;M-Budget Toilet Paper (Standard)
***;***;5262222;Soft Comfort Toilet Paper (Standard)
***;***;5262757;Soft Comfort Toilet Paper (Sellout XXL-Pack)
***;***;5262220;Soft Recycling Toilet Paper (Standard)
***;***;5262747;Soft Recycling Toilet Paper (Sellout XXL-Pack)
***;***;5262215;Soft Kamille Toilet Paper (Standard)
***;***;5262775;Soft Kamille Toilet Paper (Sellout XXL-Pack)
***;***;5262697;Soft Kamille Toilet Paper (Sellout XXL-Pack)
***;***;5262226;Soft Recycling Supreme Toilet Paper (Standard)
***;***;5262688;Soft Recycling Supreme Toilet Paper (Sellout XXL-Pack)
***;***;5262228;Soft Supreme White (Standard)
***;***;5262646;Soft Supreme White (Sellout XXL-Pack)
***;***;5262209;Soft Sensitive Toilet Paper (Standard)
***;***;5262732;Soft Sensitive Toilet Paper (Sellout XXL-Pack)
***;***;5262212;Soft Deluxe Toilet Paper (Standard)
***;***;5262768;Soft Deluxe Toilet Paper (Sellout XXL-Pack)
***;***;5261226;Linsoft Classic Box Hanks FSC 100 Tissues
***;***;5261216;Linsoft Classic Hanks 15x10 FSC
***;***;5261215;Linsoft Classic Hanks 30x10 FSC
***;***;5261220;Linsoft Menthol Hankys 15x10
***;***;5261224;Linsoft Pocket Hanks 15x10 FSC
***;***;5261222;Linsoft Recycling Hanks 15x10 with Lotion
***;***;5261104;M-Budget Hanks 42x10 Recycled 
***;***;5265009;Linsoft Cube Facial Tissues 2 layers FSC ass.
***;***;5265008;Linsoft Facial Tissues Box 2 layers ass FSC
***;***;5265046;Linsoft Recycling Box Facial Tissues 3-layers
***;***;5265044;Linsoft Travel Bo x100 FSC, 2 openings
***;***;5265040;Linsoft Ultra Soft Facial Tissues 3 layers
***;***;5265010;M-Budget Facial Tissues 2 layers FSC
;;;
***;***;5265105;M-Budget Facial Box
***;***;5261228;Linsoft Taschentücher Würfel
***;**;720128400000;PAP COUVERT C5 OF HK 30ST FSC
***;***;721808700000;PAP GP COUVERT C5 OF 100S
***;**;720128500000;PAP COUVERT C5 MFR HK 30ST FSC
***;**;721808800000;PAP GP COUVERT C5 MFR 100
***;***;720141500000;PAP COUVERT C6 OF HK 50ST FSC
***;***;721809200000;PAP GP COUVERT C6 OF 100S
***;***;720142700000;PAP COUVERT C5/6 OF HK 40ST FSC
***;**;720142800000;PAP COUVERT C5/6 MFR HK 40ST FSC
***;***;720146200000;PAP COUVERT C4 OF HK 10ST FSC
***;**;720808800000;PAP COUVERT C4 MFR HK 10ST
***;***;720853300000;MBUD COUVERT C5 OF GUM 30ST FSC
***;***;720853400000;MBUD COUVERT C6 OF GUM 50ST
***;***;721809700000;PAP GREEN COUVERT C5 OF 3
***;**;721809600000;PAP GREEN COUVERT C5 MFR
***;***;721809800000;PAP GREEN GP COUVERT C6 O
***;***;721813900000;PAP COUVERT B5 OF HK 20ST
***;***;720846000000;PAP COUVERT B4 OF HK 10ST
***;***;720100800000;PAP SBLOCK A4 UNI 80BL 100G
***;***;720101800000;PAP SBLOCK A5 UNI 90BL 100G SAT
***;***;720111100000;PAP NBLOCK A4 4MM 100BL 70G
***;***;720111300000;PAP NBLOCK A4 4MM 4-GEL 100BL 70G
***;***;720111600000;PAP NBLOCK A5 4MM 2X100BL 65G
***;***;720112100000;PAP NBLOCK A6 4MM 3X100BL 65G
***;***;720115200000;PAP NBLOCK A6 UNI 4x50BL 70G GEF
***;***;720115500000;PAP NBLOCK 7.3X14CM 4X50BL 70G
***;***;720124000000;MBUD SBLOCK A4 UNI 2X80BL 70G
***;***;720139600000;PAP NBLOCK A4 LIN 80BL 80G
***;***;720853100000;PAP GREEN NBLOCK A6 4MM 3X100BL REC
***;***;720853600000;PAP GREEN NBLOCK A5 4MM 2X100BL REC
***;***;720853700000;PAP GREEN NOTIZBLOCK A4
***;***;721814000000;PAP NBLOCK A7 4MM 2ST 100BL 65G FSC
***;***;720165000000;PRESSSPANH E5 LIN 48BL 80G ASS
***;***;720165100000;PRESSSPANH E5 4MM 48BL 80G ASS
***;***;720165200000;PRESSSPANH A4 LIN 48BL 80G ASS
***;***;720165300000;PRESSSPANH A4 4MM 48BL 80G ASS
***;***;720130800000;PAP SCHREIBH 11X17.5CM 4MM 2ST 32BL 80G
***;***;720132000400;PAP SCHREIBH E5 4MM 2X24BL
***;***;720132000500;PAP SCHREIBH E5 5MM 2X24BL
***;***;720132001000;PAP SCHREIBH E5 LIN 2X24BL
***;***;720132500400;PAP SCHREIBH A4 4MM 2X24BL
***;***;720132500500;PAP SCHREIBH A4 5MM 2X24BL
***;***;720132501000;PAP SCHREIBH A4 LIN 2X24BL
***;***;720113200000;PAP KARTEIKARTEN A7 100ST 180G
***;***;720845700000;PAP KARTEIKARTEN A7 FARBIG 100ST 180G
***;***;721168300000;PAP KARTEIKARTEN A7 UNI 1
***;***;720866500000;PAP KARTEIKARTEN A8 200ST 180G
***;***;721846200000;PAP KARTEIKARTEN A8 UNI 200ST
***;***;721168400000;PAP KARTEIKARTEN A6 50ST
***;***;720121600000;PAP SKARTEN A6 50ST 250G
***;***;720867200000;PAP DOPPELKARTEN A6 25ST 250G
***;**;720101400000;PAP CBLOCK A4 LIN 80BL 70G GEL PERF
***;**;720138500000;PAP CBLOCK A4 5MM 80BL 70G GEL PERF
***;**;720847700000;PAP CBLOCK A4 4MM PERF 80BL 70G
***;**;721844600000;PAP CBLOCK A4_90G_80BL_LIN
***;**;720133600000;PAP SPIRALH A7 4MM 2X50BL 65G
***;**;720133800000;PAP SPIRALH A6 4MM 2X50BL 70G
***;**;720134100000;PAP SPIRALH E5 4MM 48BL 80G
***;**;720134600000;PAP SPIRALH A4 4MM 48BL 80G
***;****;720105300000;"PAPETERIA
Kopierpapier A4, 80g, 500 Blatt

"
***;****;720106700000;"PAPETERIA
Kopierpapier A3, 80g, 500 Blatt

"
***;****;720106800000;"PAPETERIA
Kopierpapier A4, 90g, 500 Blatt

"
***;****;720106900000;"PAPETERIA
Kopierpapier A4, 120g, 250 Blatt

"
***;****;720122900000;"M-BUDGET 
Kopierpapier A4, 80g, 500 Blatt

"
***;****;720141100000;"PAPETERIA
Kopierpapier Mixpack Pastell A4, 80g, 5x50 Blatt

"
***;****;720141200000;"PAPETERIA
Kopierpapier Mixpack Pastell A4, 160g, 5x20 Blatt

"
***;***;720141600000;"PAPETERIA
Kopierpapier Mixpack Intensiv A4, 80g, 5x50 Blatt

"
***;***;720141700000;"PAPETERIA
Kopierpapier Mixpack Intensiv A4, 160g, 5x20 Blatt

"
***;****;720153400000;"PAPETERIA
Kopierpapier Premium A4, 100g, 250 Blatt

"
***;****;720153700000;"PAPETERIA
Kopierpapier Premium A4, 120g, 250 Blatt

"
***;****;720313400000;"PAPETERIA
Kopierpapier Premium A4, 160g, 125 Blatt

"
***;****;720316800000;"PAPETERIA GREEN Kopierpapier Recycling A4, 80g, 500 Blatt
"
***;****;720318600000;BALANCE PURE Kopierpapier 100% Recycling hochweiss A4, 80g, 500 Blatt
***;****;720160000000;"PAPETERIA
Kopierpapier Grosspackung A4, 80g, 2500 Blatt (5 x Artikel 7201.053)

"
"""""""";***;720693000000;"Art. 720693000000
Kartonregister 1-12 weiss


Cardboard Ledger 1-12 white"
"""""""";***;720693200000;"Art. 720693200000
Kartonregister Bunt Breit (f. Zeigebuch) 1-10

Cardboard Ledger 1-10 wide coloured (presentation binder)"
"""""""";***;720693100000;"Art. 720693100000
Kartonregister 6-teilig, 3Stk


Cardboard Ledger 6-part, 3pcs"
"""""""";***;720692900000;"Art. 720692900000
Kartonregister Bunt 12-teilig, 2Stk

Cardboard Ledger coloured 12-part, 2pc"
***;***;526022400000;Twist Gras Haushaltpapier
***;***;720853500000;PAP GREEN RBUCHEINLBLA4 4MM 90BL 90G REC
***;***;721179800000;PAP RBUCHEINLBL A4 5MM 100BL
***;***;721848600000;PAP GREEN RBUCHEINLBL A4 5MM
***;***;720138900000;PAP RBUCHEINLBL A4 4MM 100BL 100G FSC
***;***;720113200000;PAP KARTEIKARTEN A7 100ST 180G
***;***;720845700000;PAP KARTEIKARTEN A7 FARBIG 100ST 180G
***;****;720866500000;PAP KARTEIKARTEN A8 200ST 180G
***;****;721168300000;PAP KARTEIKARTEN A7 UNI 100ST
***;****;721846200000;PAP KARTEIKARTEN A8 UNI 200ST
***;***;721168400000;PAP KARTEIKARTEN A6 50ST LIN 250G
***;****;720832600010;PAP ZETTELBOX TRANSP_weiss
***;***;720832400010;PAP ZETTELBL 9X9CM GELEIMT_weiss
***;***;720832400090;PAP ZETTELBL 9X9CM GELEIMT_farbig
***;****;720832500010;PAP ERSATZBL 9X9CM LOSE_weiss
***;***;720832500090;PAP ERSATZBL 9X9CM LOSE_farbig
